City_ID,City,Country,Lat,Lng,Max Temp,Humidity,Cloudiness,Wind Speed,Current Description
0,Belmonte,BR,-15.8631,-38.8828,73.17,90,85,3.31,light rain
1,Mataura,NZ,-46.1927,168.8643,58.48,46,72,3.4,broken clouds
2,Punta Arenas,CL,-53.15,-70.9167,44.71,57,40,9.22,scattered clouds
3,Margate,GB,51.3813,1.3862,44.31,94,100,1.01,overcast clouds
4,Rikitea,PF,-23.1203,-134.9692,71.73,66,100,10.65,overcast clouds
5,Nanortalik,GL,60.1432,-45.2371,30.34,75,100,4.94,overcast clouds
6,Ushuaia,AR,-54.8,-68.3,44.26,61,40,4.61,scattered clouds
7,Severo-Kurilsk,RU,50.6789,156.125,34.99,66,56,8.5,broken clouds
8,Te Anau,NZ,-45.4167,167.7167,64.74,76,57,2.98,broken clouds
9,Hobart,AU,-42.8794,147.3294,63.27,53,75,17.27,broken clouds
10,Mount Isa,AU,-20.7333,139.5,89.37,48,55,6.91,broken clouds
11,Lebu,CL,-37.6167,-73.65,55.36,84,0,13.51,clear sky
12,Bethel,US,41.3712,-73.414,34.54,65,0,3.44,clear sky
13,Trairi,BR,-3.2778,-39.2689,78.1,80,98,9.55,overcast clouds
14,Atuona,PF,-9.8,-139.0333,77.56,72,26,10.67,scattered clouds
15,Yellowknife,CA,62.456,-114.3525,23.56,74,75,5.75,broken clouds
16,Nanakuli,US,21.3906,-158.1547,84.15,52,0,13.8,clear sky
17,Bukama,CD,-9.2,25.85,67.19,98,99,0.89,overcast clouds
18,Melfi,IT,40.9965,15.6514,56.5,78,54,13.15,broken clouds
19,Georgetown,MY,5.4112,100.3354,82.33,90,20,4.61,few clouds
20,Constitucion,CL,-35.3333,-72.4167,55.31,80,0,15.35,clear sky
21,Paamiut,GL,61.994,-49.6678,22.05,83,100,13.29,overcast clouds
22,Albany,US,42.6001,-73.9662,29.68,60,7,6.55,clear sky
23,Biltine,TD,14.5333,20.9167,68.68,23,7,8.55,clear sky
24,Kodiak,US,57.79,-152.4072,40.51,87,100,13.8,moderate rain
25,Khatanga,RU,71.9667,102.5,-28.37,98,100,2.46,overcast clouds
26,Luba,GQ,3.4568,8.5547,76.89,83,95,7.76,light rain
27,Qaanaaq,GL,77.484,-69.3632,-2.43,56,5,6.89,clear sky
28,Gwadar,PK,25.1216,62.3254,76.78,65,4,5.57,clear sky
29,Norman Wells,CA,65.282,-126.8329,15.84,86,75,3.44,broken clouds
30,Puerto Ayora,EC,-0.7393,-90.3518,69.55,96,92,3.0,overcast clouds
31,Kavieng,PG,-2.5744,150.7967,84.72,64,77,11.56,broken clouds
32,Alamogordo,US,32.8995,-105.9603,42.44,71,100,8.05,overcast clouds
33,Sankt Georgen,HU,47.1425,16.5815,31.14,86,100,2.35,light snow
34,Bontang,ID,0.1333,117.5,78.76,83,100,7.7,overcast clouds
35,Itarema,BR,-2.9248,-39.9167,78.31,82,20,13.94,few clouds
36,Hermanus,ZA,-34.4187,19.2345,49.8,81,18,3.33,few clouds
37,Oranjemund,NA,-28.55,16.4333,57.94,80,62,13.76,broken clouds
38,Gat,IL,31.61,34.7642,65.39,44,0,6.69,clear sky
39,Tela,HN,15.7833,-87.45,76.28,87,100,2.84,overcast clouds
40,Touros,BR,-5.1989,-35.4608,78.4,79,100,12.97,overcast clouds
41,Rajgarh,IN,28.6333,75.3833,62.56,33,85,4.5,overcast clouds
42,Mahebourg,MU,-20.4081,57.7,69.26,88,20,4.61,few clouds
43,Khandyga,RU,62.6667,135.6,-5.67,99,100,3.0,overcast clouds
44,Talnakh,RU,69.4865,88.3972,-9.67,96,100,2.82,overcast clouds
45,Nyandoma,RU,61.669,40.1991,10.83,97,40,2.46,scattered clouds
46,Taoudenni,ML,22.6783,-3.9836,71.58,12,0,9.53,clear sky
47,Castro,BR,-24.7911,-50.0119,54.7,96,10,9.22,clear sky
48,Vao,NC,-22.6667,167.4833,73.15,70,13,9.37,few clouds
49,Half Moon Bay,US,37.4636,-122.4286,59.02,47,0,11.5,clear sky
50,Telfs,AT,47.3,11.0667,41.58,93,99,2.19,overcast clouds
51,Vaini,TO,-21.2,-175.2,82.56,74,75,4.61,broken clouds
52,Aksarka,RU,66.5606,67.7975,-8.27,94,22,3.94,few clouds
53,Karwar,IN,14.8,74.1333,69.87,57,78,9.28,broken clouds
54,Beringovskiy,RU,63.05,179.3167,7.12,89,100,17.22,overcast clouds
55,Codrington,AU,-38.2667,141.9667,61.16,54,9,22.91,light rain
56,Asau,RO,46.4333,26.4,31.28,99,100,2.95,snow
57,Bandarbeyla,SO,9.4942,50.8122,78.42,78,80,16.4,light rain
58,Ponta Do Sol,PT,32.6667,-17.1,65.03,66,48,7.4,scattered clouds
59,Bratsk,RU,56.1325,101.6142,14.49,88,52,8.88,broken clouds
60,Hualmay,PE,-11.0964,-77.6139,64.54,84,100,6.44,overcast clouds
61,Busselton,AU,-33.65,115.3333,61.27,62,100,7.72,overcast clouds
62,Chokurdakh,RU,70.6333,147.9167,-10.44,98,100,9.57,overcast clouds
63,Port Elizabeth,ZA,-33.918,25.5701,57.49,80,0,6.91,clear sky
64,Guayaramerin,BO,-10.8368,-65.3614,75.67,86,20,2.64,few clouds
65,Nikolskoye,RU,59.7035,30.7861,22.91,80,77,8.25,broken clouds
66,Kirakira,SB,-10.4544,161.9205,82.58,79,100,6.73,overcast clouds
67,Umuarama,BR,-23.7664,-53.325,68.52,65,0,8.05,clear sky
68,Saint George,US,37.1041,-113.5841,45.95,34,0,1.01,clear sky
69,Salalah,OM,17.0151,54.0924,74.19,57,4,3.49,clear sky
70,Fergus Falls,US,46.283,-96.0776,6.17,88,0,0.0,clear sky
71,Flin Flon,CA,54.7682,-101.865,14.11,99,100,5.23,overcast clouds
72,Tuatapere,NZ,-46.1333,167.6833,64.36,67,56,7.34,broken clouds
73,La Union,PE,-5.4,-80.75,66.38,73,3,12.39,clear sky
74,Camacupa,AO,-12.0167,17.4833,61.21,95,36,1.21,scattered clouds
75,Isangel,VU,-19.55,169.2667,86.11,70,16,14.97,few clouds
76,Sao Joao Da Barra,BR,-21.6403,-41.0511,68.0,87,100,6.89,overcast clouds
77,Fountain Hills,US,33.6117,-111.7174,65.93,29,2,3.0,clear sky
78,Kapaa,US,22.0752,-159.319,79.12,77,75,17.27,broken clouds
79,Port Lincoln,AU,-34.7333,135.8667,61.5,60,4,29.64,clear sky
80,Koslan,RU,63.4564,48.8989,16.52,94,99,7.85,overcast clouds
81,Geraldton,AU,-28.7667,114.6,70.21,46,0,12.66,clear sky
82,Kaitangata,NZ,-46.2817,169.8464,56.73,83,88,6.15,overcast clouds
83,Buraydah,SA,26.326,43.975,57.65,68,100,8.12,overcast clouds
84,Tuktoyaktuk,CA,69.4541,-133.0374,26.6,86,100,12.66,light snow
85,Hilo,US,19.7297,-155.09,77.11,89,17,4.0,few clouds
86,Minas,UY,-34.3759,-55.2377,69.98,74,99,17.96,overcast clouds
87,Nome,US,64.5011,-165.4064,31.15,96,100,4.59,overcast clouds
88,Ishigaki,JP,24.3448,124.1572,80.73,74,20,8.05,few clouds
89,Mount Gambier,AU,-37.8333,140.7667,56.68,77,17,19.24,few clouds
90,Souillac,MU,-20.5167,57.5167,66.58,88,20,4.61,few clouds
91,Sao Francisco,BR,-15.9486,-44.8644,67.62,93,84,4.41,light rain
92,Harlingen,US,26.1906,-97.6961,50.2,95,100,22.77,light rain
93,Yilan,TW,24.757,121.753,80.46,94,100,3.87,overcast clouds
94,Ostrovnoy,RU,68.0531,39.5131,33.3,93,100,9.22,overcast clouds
95,Glendive,US,47.1053,-104.7125,22.17,79,38,4.0,scattered clouds
96,Butaritari,KI,3.0707,172.7902,81.66,70,59,12.19,broken clouds
97,Storforshei,NO,66.4043,14.5233,30.83,52,0,5.86,clear sky
98,Aykhal,RU,66.0,111.5,-14.93,99,27,7.16,scattered clouds
99,Jamestown,US,42.097,-79.2353,28.02,49,100,11.01,overcast clouds
100,Dickinson,US,29.4608,-95.0513,46.04,92,100,11.5,overcast clouds
101,Dingle,PH,10.9995,122.6711,83.26,79,98,8.21,overcast clouds
102,Vittoria,IT,36.9537,14.5332,59.74,100,40,1.14,scattered clouds
103,Bayshore Gardens,US,27.4253,-82.5904,68.02,66,81,16.6,broken clouds
104,Ixtapa,MX,20.7,-105.2,76.23,79,95,1.59,overcast clouds
105,Hare Bay,CA,48.8499,-54.0148,29.55,75,12,10.65,few clouds
106,Axim,GH,4.8699,-2.2405,77.25,85,12,4.83,light rain
107,Iqaluit,CA,63.7506,-68.5145,-7.31,63,20,10.36,few clouds
108,New Norfolk,AU,-42.7826,147.0587,63.91,59,100,10.0,overcast clouds
109,Tessalit,ML,20.1986,1.0114,68.97,15,92,7.58,overcast clouds
110,Valparaiso,CL,-33.0393,-71.6273,58.64,67,0,4.61,clear sky
111,Victoria,HK,22.2855,114.1577,78.24,80,99,8.99,overcast clouds
112,Warrington,GB,53.3925,-2.5802,45.86,92,100,12.66,light rain
113,Chuy,UY,-33.6971,-53.4616,66.96,84,90,13.53,light rain
114,Barrow,US,71.2906,-156.7887,20.59,92,100,11.72,overcast clouds
115,Carnarvon,AU,-24.8667,113.6333,77.9,31,0,16.24,clear sky
116,Avarua,CK,-21.2078,-159.775,78.85,69,100,13.8,overcast clouds
117,Koundara,GN,12.4833,-13.3,70.21,23,100,2.84,overcast clouds
118,Port Alfred,ZA,-33.5906,26.891,54.18,93,12,1.99,few clouds
119,Grand Gaube,MU,-20.0064,57.6608,69.39,73,0,3.0,clear sky
120,Fortuna,US,40.5982,-124.1573,50.92,84,0,5.75,clear sky
121,Flinders,AU,-34.5833,150.8552,77.18,44,0,17.0,clear sky
122,Torbay,CA,47.6666,-52.7314,35.76,82,40,18.41,scattered clouds
123,Saint-Philippe,RE,-21.3585,55.7679,69.39,76,16,4.47,few clouds
124,Beitbridge,ZW,-22.2167,30.0,81.79,27,0,16.91,clear sky
125,Mar Del Plata,AR,-38.0023,-57.5575,64.42,94,0,0.0,clear sky
126,Bredasdorp,ZA,-34.5322,20.0403,53.46,87,22,3.83,few clouds
127,Sitka,US,57.0531,-135.33,40.68,89,100,7.61,overcast clouds
128,College,US,64.8569,-147.8028,11.59,89,0,0.0,clear sky
129,Verkhnyaya Toyma,RU,62.2349,44.9985,12.15,98,72,2.42,broken clouds
130,Cape Town,ZA,-33.9258,18.4232,63.37,77,0,5.99,clear sky
131,East London,ZA,-33.0153,27.9116,58.64,74,2,9.37,clear sky
132,The Valley,AI,18.217,-63.0578,81.1,74,6,20.94,clear sky
133,Oktyabrskiy,RU,54.4815,53.471,7.61,99,58,3.22,broken clouds
134,Havre-Saint-Pierre,CA,50.2334,-63.5986,26.6,92,0,2.3,clear sky
135,Porto San Giorgio,IT,43.1827,13.7934,52.75,83,97,19.42,overcast clouds
136,Hithadhoo,MV,-0.6,73.0833,81.14,78,36,10.98,scattered clouds
137,Hirna,ET,9.2167,41.1,56.5,42,10,1.36,clear sky
138,Kloulklubed,PW,7.0419,134.2556,83.37,76,15,9.84,few clouds
139,Aklavik,CA,68.2191,-135.0107,15.78,96,100,1.3,overcast clouds
140,Saldanha,ZA,-33.0117,17.9442,58.5,80,3,12.33,clear sky
141,Baykit,RU,61.67,96.37,-5.85,99,100,2.68,overcast clouds
142,Lasa,IT,46.6166,10.7002,35.02,86,90,5.93,overcast clouds
143,Little Current,CA,45.9793,-81.9248,26.91,65,100,22.75,light snow
144,Airai,TL,-8.9266,125.4092,65.41,88,100,1.74,overcast clouds
145,Bossangoa,CF,6.4926,17.4552,70.84,47,61,2.82,broken clouds
146,Santa Maria,BR,-29.6842,-53.8069,69.98,60,19,5.35,few clouds
147,Manggar,ID,-2.8833,108.2667,84.78,69,90,6.91,overcast clouds
148,Porto Novo,BJ,6.4965,2.6036,78.6,85,91,3.78,overcast clouds
149,Jasper,US,37.2001,-94.3502,31.44,61,0,6.24,clear sky
150,Rawson,AR,-43.3002,-65.1023,64.24,30,79,21.16,broken clouds
151,Saskylakh,RU,71.9167,114.0833,-18.54,100,96,1.21,overcast clouds
152,Tabou,CI,4.423,-7.3528,72.7,86,68,3.22,light rain
153,Maldonado,UY,-34.6667,-54.9167,73.22,75,76,14.0,broken clouds
154,Pisco,PE,-13.7,-76.2167,63.01,87,44,2.82,scattered clouds
155,Tsiroanomandidy,MG,-18.7667,46.0333,67.15,91,13,1.32,light rain
156,Thompson,CA,55.7435,-97.8558,9.61,95,100,7.58,light snow
157,Cap Malheureux,MU,-19.9842,57.6142,70.47,73,0,3.0,clear sky
158,Road Town,VG,18.4167,-64.6167,80.64,78,20,12.66,few clouds
159,Bandikui,IN,27.05,76.5667,61.66,36,20,2.13,few clouds
160,Krasnyy Oktyabr,RU,56.1167,38.8833,22.5,90,100,9.1,overcast clouds
161,Arkhangelsk,RU,64.5401,40.5433,28.51,93,100,6.71,overcast clouds
162,Komsomolskiy,UZ,40.4272,71.7189,45.32,87,100,0.0,fog
163,Namatanai,PG,-3.6667,152.4333,84.63,65,97,10.2,overcast clouds
164,Wanning,CN,18.8003,110.3967,79.07,83,98,12.97,overcast clouds
165,Esperance,AU,-33.8667,121.9,59.72,63,87,19.22,overcast clouds
166,Bilibino,RU,68.0546,166.4372,-16.33,100,100,1.81,overcast clouds
167,Ponta Delgada,PT,37.7333,-25.6667,65.12,77,75,11.5,broken clouds
168,Jumla,NP,29.2747,82.1838,46.29,46,2,4.61,clear sky
169,Hirara,JP,24.8,125.2833,76.53,74,82,12.64,broken clouds
170,Luderitz,NA,-26.6481,15.1594,59.45,75,73,18.66,broken clouds
171,Hami,CN,42.8,93.45,36.5,44,0,10.6,clear sky
172,Port-Cartier,CA,50.0334,-66.8654,12.74,93,78,4.88,broken clouds
173,Leningradskiy,RU,69.3833,178.4167,-12.86,97,100,5.64,overcast clouds
174,Hambantota,LK,6.1241,81.1185,73.74,100,20,3.44,few clouds
175,Hasaki,JP,35.7333,140.8333,58.21,60,100,12.82,overcast clouds
176,Bousse,BF,12.6606,-1.8922,75.0,30,88,8.3,overcast clouds
177,Nabire,ID,-3.3667,135.4833,77.27,88,100,3.22,overcast clouds
178,Hofn,IS,64.2539,-15.2082,46.18,94,100,21.07,overcast clouds
179,Launceston,AU,-41.45,147.1667,66.61,48,76,23.02,broken clouds
180,Russell,US,32.3502,-85.1999,48.18,58,100,6.24,overcast clouds
181,Maceio,BR,-9.6658,-35.7353,74.64,94,0,5.75,clear sky
182,Loanda,AO,-8.8368,13.2343,74.59,84,100,5.59,light rain
183,Arvika,SE,59.6553,12.5852,30.81,81,100,7.25,overcast clouds
184,Kupang,ID,-10.1667,123.5833,82.98,89,75,4.61,broken clouds
185,Juneau,US,58.3019,-134.4197,37.09,100,100,4.85,overcast clouds
186,Gavalou,GR,38.5333,21.5333,66.52,80,98,3.94,overcast clouds
187,Fernandez,AR,-27.9204,-63.8935,79.5,55,92,11.41,light rain
188,Bayanday,RU,53.0661,105.5139,4.84,87,22,4.21,few clouds
189,Moron,AR,-34.6534,-58.6198,81.79,57,100,5.32,overcast clouds
190,Banda Aceh,ID,5.5577,95.3222,82.22,73,82,9.04,broken clouds
191,Cidreira,BR,-30.1811,-50.2056,70.0,76,2,26.06,clear sky
192,Rudnogorsk,RU,57.2639,103.7519,-2.51,96,36,2.68,scattered clouds
193,Berlevag,NO,70.8578,29.0864,35.6,80,100,11.5,overcast clouds
194,Riyadh,SA,24.6877,46.7219,61.79,53,5,8.7,clear sky
195,Tamisan,PH,6.8437,126.2984,81.82,77,100,5.17,overcast clouds
196,Bambous Virieux,MU,-20.3428,57.7575,70.21,72,13,4.81,few clouds
197,Nedjo,ET,9.5046,35.5019,57.06,77,7,3.15,clear sky
198,Nemuro,JP,43.3236,145.575,44.35,66,20,11.88,few clouds
199,Xining,CN,36.6167,101.7667,37.65,33,100,3.18,overcast clouds
200,Chegdomyn,RU,51.1167,133.0167,29.91,85,99,5.26,overcast clouds
201,Katsuura,JP,35.1333,140.3,60.73,69,100,14.58,light rain
202,Dunedin,NZ,-45.8742,170.5036,57.79,92,100,4.0,overcast clouds
203,Sayat,TM,38.7839,63.8803,53.56,69,65,4.74,broken clouds
204,Ust-Kuyga,RU,70.0167,135.6,-35.68,99,96,3.38,overcast clouds
205,Lorengau,PG,-2.0226,147.2712,85.48,64,82,7.9,broken clouds
206,Camacha,PT,33.0833,-16.3333,62.02,59,40,8.05,scattered clouds
207,Pirai Do Sul,BR,-24.5261,-49.9486,55.42,95,22,6.49,few clouds
208,Lander,US,42.833,-108.7307,22.01,68,0,5.75,clear sky
209,Ryotsu,JP,38.0833,138.4333,57.31,61,79,9.26,light rain
210,Kaithal,IN,29.8,76.3833,58.41,42,4,5.66,clear sky
211,Namibe,AO,-15.1961,12.1522,70.36,75,91,2.93,light rain
212,Bull Savanna,JM,17.8868,-77.5902,75.31,84,53,8.48,broken clouds
213,Ust-Kut,RU,56.7938,105.7672,-1.57,96,33,1.95,scattered clouds
214,Les Escoumins,CA,48.1111,-69.0236,18.82,92,100,8.43,overcast clouds
215,Anloga,GH,5.7947,0.8973,80.89,77,15,9.71,few clouds
216,Mitu,CO,1.1983,-70.1733,71.71,99,100,2.3,overcast clouds
217,Lavrentiya,RU,65.5833,-171.0,24.53,86,99,9.24,overcast clouds
218,Lahij,YE,13.1667,44.5833,69.96,85,49,3.24,scattered clouds
219,Tambacounda,SN,13.7539,-13.7586,72.41,13,53,6.17,broken clouds
220,Laguna,US,38.421,-121.4238,55.18,47,0,0.0,clear sky
221,Longyearbyen,SJ,78.2186,15.6401,39.04,87,75,12.66,light intensity drizzle
222,Nouadhibou,MR,20.931,-17.0347,66.97,82,0,22.95,clear sky
223,Halifax,CA,44.6453,-63.5724,41.22,88,74,1.01,broken clouds
224,Katherine,AU,-14.4667,132.2667,89.92,58,40,3.44,scattered clouds
225,Faya,SA,18.3851,42.4509,56.44,71,2,2.62,clear sky
226,Fonte Boa,BR,-2.4959,-66.2662,77.31,86,97,2.55,overcast clouds
227,Izhma,RU,65.0083,53.9113,28.36,94,100,9.91,light snow
228,Coquimbo,CL,-29.9533,-71.3436,59.49,85,13,3.98,few clouds
229,Cairns,AU,-16.9167,145.7667,93.07,64,40,4.61,scattered clouds
230,Borba,BR,-4.3878,-59.5939,80.31,67,97,2.82,overcast clouds
231,Guerrero Negro,MX,27.9769,-114.0611,62.42,58,0,9.8,clear sky
232,Stornoway,GB,58.2093,-6.3865,48.16,84,100,19.57,light rain
233,Evensk,RU,61.95,159.2333,2.82,74,100,4.74,overcast clouds
234,Ormara,PK,25.2088,64.6357,77.31,79,2,0.83,clear sky
235,Tamandare,BR,-8.7597,-35.1047,76.33,82,100,6.69,overcast clouds
236,Kastamonu,TR,41.5,33.6667,48.94,83,99,1.95,overcast clouds
237,Okhotsk,RU,59.3833,143.3,8.37,65,100,4.85,overcast clouds
238,Tiksi,RU,71.6872,128.8694,-3.75,97,100,6.31,overcast clouds
239,Dikson,RU,73.5069,80.5464,-16.37,99,100,9.06,overcast clouds
240,Turkistan,KZ,43.0,68.0,45.21,88,100,8.52,overcast clouds
241,Daitari,IN,21.1,85.75,62.83,48,100,2.93,overcast clouds
242,Mayo,US,38.8876,-76.5119,42.51,76,0,5.75,clear sky
243,Duku,NG,11.2361,4.9073,72.64,29,97,5.99,overcast clouds
244,Ribeira Grande,PT,38.5167,-28.7,65.77,96,70,15.01,broken clouds
245,Faanui,PF,-16.4833,-151.75,79.05,77,100,6.89,overcast clouds
246,Mackay,AU,-21.15,149.2,92.68,70,4,17.07,clear sky
247,Ilulissat,GL,69.2167,-51.1,28.42,50,0,13.8,clear sky
248,Naze,JP,28.3667,129.4833,71.2,79,65,10.74,broken clouds
249,Kruisfontein,ZA,-34.0033,24.7314,50.88,79,0,6.46,clear sky
250,Alice Springs,AU,-23.7,133.8833,76.55,19,40,12.66,scattered clouds
251,Dolores,AR,-36.3132,-57.6792,70.65,52,95,6.93,overcast clouds
252,Adrar,MR,20.5022,-10.0711,64.69,48,0,7.61,clear sky
253,San Patricio,US,28.017,-97.5169,46.27,85,100,15.95,overcast clouds
254,Tasiilaq,GL,65.6145,-37.6368,37.56,63,100,13.49,overcast clouds
255,Kavaratti,IN,10.5669,72.642,80.51,51,33,3.11,scattered clouds
256,Potsdam,DE,52.3989,13.0657,33.06,92,68,6.76,broken clouds
257,Provideniya,RU,64.3833,-173.3,30.36,80,100,8.99,light shower snow
258,Bangkalan,ID,-7.0455,112.7351,84.15,71,34,5.03,scattered clouds
259,Lethem,GY,3.3803,-59.7968,76.68,83,75,6.33,light rain
260,Hokitika,NZ,-42.7167,170.9667,65.25,63,83,4.5,broken clouds
261,Lubao,PH,14.9167,120.55,80.92,81,100,11.1,overcast clouds
262,Hamilton,US,39.1834,-84.5333,32.23,60,100,17.27,overcast clouds
263,Praia,CV,14.9215,-23.5087,75.74,73,75,24.16,broken clouds
264,Rusape,ZW,-18.5278,32.1284,64.31,49,6,3.62,clear sky
265,Xai-Xai,MZ,-25.0519,33.6442,73.06,87,100,20.92,light rain
266,Ipu,BR,-4.3222,-40.7108,76.73,68,36,4.56,scattered clouds
267,Fort Nelson,CA,58.8053,-122.7002,21.29,92,100,1.97,overcast clouds
268,Korla,CN,41.7597,86.1469,37.08,43,76,7.92,broken clouds
269,Peniche,PT,39.3558,-9.3811,59.94,93,68,11.39,broken clouds
270,Barra Do Garcas,BR,-15.89,-52.2567,73.13,80,31,3.47,scattered clouds
271,Havoysund,NO,70.9963,24.6622,34.03,69,0,4.14,clear sky
272,Lincoln,US,40.8,-96.667,25.12,50,6,3.0,clear sky
273,Lucani,RS,43.8608,20.1381,46.85,99,100,2.28,light rain
274,Kiama,AU,-34.6833,150.8667,76.57,43,0,17.0,clear sky
275,Lososina,RU,48.9975,140.3106,40.03,71,100,16.73,overcast clouds
276,Pevek,RU,69.7008,170.3133,-14.17,99,100,7.67,overcast clouds
277,Betare Oya,CM,5.6,14.0833,67.64,55,100,3.44,overcast clouds
278,Lufilufi,WS,-13.8745,-171.5986,82.18,76,24,8.16,few clouds
279,Kaeo,NZ,-35.1,173.7833,65.32,92,91,14.16,light rain
280,Melong,CM,5.1218,9.9614,66.51,94,66,2.06,broken clouds
281,Kununurra,AU,-15.7667,128.7333,89.58,66,100,8.05,overcast clouds
282,Port Augusta,AU,-32.5,137.7667,72.05,27,7,19.35,clear sky
283,Bubaque,GW,11.2833,-15.8333,82.63,54,95,11.7,overcast clouds
284,Fare,PF,-16.7,-151.0167,78.75,79,86,8.99,overcast clouds
285,Arraial Do Cabo,BR,-22.9661,-42.0278,71.1,82,100,2.62,overcast clouds
286,Upata,VE,8.0086,-62.3989,74.19,98,84,3.58,broken clouds
287,Sao Filipe,CV,14.8961,-24.4956,77.02,66,89,15.23,overcast clouds
288,Kilindoni,TZ,-7.9139,39.6668,78.48,81,100,6.53,overcast clouds
289,Watsa,CD,3.0372,29.5355,61.81,96,79,1.97,broken clouds
290,Washington,US,47.5001,-120.5015,30.33,82,78,2.13,broken clouds
291,Turukhansk,RU,65.8167,87.9833,-3.82,92,100,6.91,overcast clouds
292,Maraa,BR,-1.8333,-65.3667,74.12,95,99,2.62,overcast clouds
293,Lata,PT,40.1629,-8.3327,55.81,94,100,2.26,overcast clouds
294,Correntina,BR,-13.3433,-44.6367,67.48,93,100,3.29,light rain
295,Jiazi,CN,22.8779,116.067,76.41,71,60,10.87,broken clouds
296,Orlik,RU,52.5178,99.825,-6.93,92,36,2.21,scattered clouds
297,Coihaique,CL,-45.5752,-72.0662,43.41,70,0,4.61,clear sky
298,Bluff,NZ,-46.6,168.3333,58.8,85,56,16.11,broken clouds
299,Sri Aman,MY,1.2376,111.4621,83.77,71,99,3.94,overcast clouds
300,Vestmannaeyjar,IS,63.4427,-20.2734,45.82,79,15,22.32,few clouds
301,Kunnamangalam,IN,11.3046,75.8777,72.23,69,87,4.07,overcast clouds
302,San Pedro,PH,14.35,121.0167,85.32,77,99,10.47,overcast clouds
303,Lahat,ID,-3.8,103.5333,82.92,67,100,1.63,overcast clouds
304,Vila Franca Do Campo,PT,37.7167,-25.4333,64.81,87,99,8.52,overcast clouds
305,Chicama,PE,-7.8447,-79.1469,66.74,83,19,4.61,few clouds
306,Albanel,CA,48.8832,-72.4487,26.74,80,100,9.22,overcast clouds
307,Salekhard,RU,66.53,66.6019,-9.69,95,71,2.04,broken clouds
308,Yenagoa,NG,4.9247,6.2642,75.43,92,96,3.36,overcast clouds
309,Kovdor,RU,67.5662,30.4758,22.03,95,100,2.89,overcast clouds
310,Sirsilla,IN,18.3833,78.8333,61.61,54,87,3.89,overcast clouds
311,Abha,SA,18.2164,42.5053,52.05,62,0,0.0,clear sky
312,Bundaberg,AU,-24.85,152.35,83.21,76,98,8.99,overcast clouds
313,Comendador,DO,18.8775,-71.7028,69.91,83,41,2.26,scattered clouds
314,Benito Juarez,MX,19.385,-99.165,63.95,67,75,9.22,broken clouds
315,Tyumentsevo,RU,53.3224,81.498,7.52,89,95,9.82,overcast clouds
316,Disa,IN,24.25,72.1667,65.86,41,0,4.54,clear sky
317,Nanchang,CN,28.6833,115.8833,64.98,70,99,4.07,overcast clouds
318,Kahului,US,20.8947,-156.47,82.42,69,20,24.16,few clouds
319,Qasigiannguit,GL,68.8193,-51.1922,28.65,81,8,4.74,clear sky
320,Aksu,CN,41.1231,80.2644,37.26,35,97,5.17,overcast clouds
321,Muscat,OM,23.6139,58.5922,76.77,48,0,3.44,clear sky
322,Broome,US,42.2506,-75.833,29.17,65,100,5.75,overcast clouds
323,Victor Harbor,AU,-35.5667,138.6167,62.01,72,23,1.99,few clouds
324,Nenjiang,CN,49.1833,125.2167,25.02,57,100,16.11,overcast clouds
325,Hay River,CA,60.8156,-115.7999,16.32,88,100,5.01,overcast clouds
326,Shelburne,CA,44.0787,-80.2041,21.9,90,68,18.52,snow
327,Barabinsk,RU,55.3571,78.357,-0.67,87,8,10.63,clear sky
328,Port Blair,IN,11.6667,92.75,82.26,74,72,10.2,broken clouds
329,Atambua,ID,-9.1061,124.8925,77.2,84,100,5.17,overcast clouds
330,Quatre Cocos,MU,-20.2078,57.7625,70.09,72,15,4.99,few clouds
331,Edgewater,US,28.9889,-80.9023,64.42,78,100,14.18,overcast clouds
332,Ramhormoz,IR,31.28,49.6035,63.55,63,0,5.08,clear sky
333,Kashima,JP,33.1061,130.0906,67.75,63,19,4.03,few clouds
334,Maputo,MZ,-25.9653,32.5892,69.48,73,75,21.85,broken clouds
335,Qujing,CN,25.4833,103.7833,59.86,66,5,9.62,clear sky
336,Kyshtovka,RU,56.555,76.6271,-0.38,94,59,12.03,broken clouds
337,Tsuruoka,JP,38.7217,139.8217,56.75,55,83,9.78,broken clouds
338,Yulara,AU,-25.2406,130.9889,76.73,17,9,8.5,clear sky
339,Padang,ID,-0.9492,100.3543,78.85,74,100,3.15,overcast clouds
340,Buala,SB,-8.145,159.5921,83.5,76,49,7.76,light rain
341,Doha,QA,25.2867,51.5333,76.98,61,0,11.5,clear sky
342,Kirn,DE,49.7833,7.45,43.86,91,100,3.4,overcast clouds
343,Upernavik,GL,72.7868,-56.1549,16.36,86,100,9.53,overcast clouds
344,Harper,LR,4.375,-7.7169,71.87,81,40,2.59,light rain
345,Najran,SA,17.4924,44.1277,58.87,39,0,2.44,clear sky
346,Ballina,AU,-28.8667,153.5667,88.79,65,100,11.74,overcast clouds
347,Igarka,RU,67.4667,86.5833,-10.64,100,98,4.63,overcast clouds
348,Lucea,JM,18.451,-78.1736,77.86,78,97,9.93,overcast clouds
349,Kabala,SL,9.5833,-11.55,66.51,58,81,2.82,broken clouds
350,Sao Mateus Do Sul,BR,-25.8742,-50.3828,55.27,93,0,3.91,clear sky
351,Sinazongwe,ZM,-17.2614,27.4618,77.81,35,5,4.05,clear sky
352,Madimba,TZ,-10.4,40.3333,75.78,85,100,4.68,overcast clouds
353,Dunmore Town,BS,25.5,-76.65,79.16,77,97,13.69,overcast clouds
354,Cabo San Lucas,MX,22.8909,-109.9124,77.5,73,100,4.61,overcast clouds
355,Atasu,KZ,48.6814,71.6433,22.87,93,95,1.7,overcast clouds
356,Mandalgovi,MN,45.7625,106.2708,16.18,41,11,6.04,few clouds
357,Skjervoy,NO,70.0311,20.9714,24.8,42,0,5.84,clear sky
358,Port Hardy,CA,50.6996,-127.4199,44.24,56,100,7.11,overcast clouds
359,Ozernovskiy,RU,51.5,156.5167,31.5,73,21,3.74,few clouds
360,Caravelas,BR,-17.7125,-39.2481,71.62,94,100,5.35,overcast clouds
361,Yala,TH,6.3333,101.25,79.61,83,100,1.41,overcast clouds
362,Ambilobe,MG,-13.2,49.05,71.46,82,29,4.03,scattered clouds
363,Pohrebyshche,UA,49.4864,29.2636,26.33,90,100,5.48,overcast clouds
364,Tongren,CN,27.7172,109.1853,60.67,77,95,2.13,overcast clouds
365,Barcelos,PT,41.5388,-8.6151,55.54,96,100,0.45,light rain
366,Quelimane,MZ,-17.8786,36.8883,75.49,80,4,4.52,clear sky
367,Nyurba,RU,63.2842,118.3319,-10.35,99,74,5.44,broken clouds
368,Mollendo,PE,-17.0231,-72.0147,64.71,83,33,2.86,scattered clouds
369,Bama,NG,11.5221,13.6856,67.64,30,5,1.21,clear sky
370,Monrovia,LR,6.3005,-10.7969,78.94,76,99,8.14,overcast clouds
371,Bilma,NE,18.6853,12.9164,68.67,21,100,6.33,overcast clouds
372,Fuerte Olimpo,PY,-21.0415,-57.8738,80.6,29,0,5.79,clear sky
373,Adre,TD,13.4667,22.2,64.49,26,50,10.65,scattered clouds
374,Australind,AU,-33.2667,115.7167,64.24,48,89,6.22,overcast clouds
375,Cayenne,GF,4.9333,-52.3333,77.04,94,75,0.0,broken clouds
376,Dodge City,US,37.7528,-100.0171,30.45,46,0,3.44,clear sky
377,Lompoc,US,34.6391,-120.4579,58.01,59,0,0.0,clear sky
378,Whitehaven,GB,54.549,-3.5841,44.65,100,100,11.99,moderate rain
379,Matay,EG,28.419,30.7792,61.07,73,0,10.58,clear sky
380,Jeremie,HT,18.65,-74.1167,78.51,77,63,1.23,broken clouds
381,Waingapu,ID,-9.6567,120.2641,81.97,77,100,7.2,overcast clouds
382,Rokupr,SL,8.6717,-12.395,70.43,77,95,2.35,overcast clouds
383,Ancud,CL,-41.8697,-73.8203,45.9,78,5,5.3,clear sky
384,Svobodnyy,RU,51.4,128.1333,26.92,96,100,11.99,snow
385,Khani,GE,41.9563,42.9566,42.37,69,77,5.82,broken clouds
386,Pitimbu,BR,-7.4706,-34.8086,79.39,77,100,9.17,overcast clouds
387,Lucapa,AO,-8.4192,20.7447,63.81,98,100,3.29,overcast clouds
388,San Policarpo,PH,12.1791,125.5072,83.37,74,100,8.01,moderate rain
389,Ahipara,NZ,-35.1667,173.1667,64.11,91,66,16.46,broken clouds
390,Edmundston,CA,47.3737,-68.3251,22.33,86,0,5.75,clear sky
391,Yako,BF,12.9667,-2.2667,75.11,29,100,7.67,overcast clouds
392,Volgograd,RU,48.7194,44.5018,50.77,100,100,13.42,mist
393,Bengkulu,ID,-3.8004,102.2655,79.07,76,100,5.48,overcast clouds
394,Sarh,TD,9.1429,18.3923,73.74,33,78,3.67,broken clouds
395,Dhuburi,IN,26.0333,89.9667,64.51,75,5,12.73,clear sky
396,Moroto,UG,2.5345,34.6666,66.94,68,43,6.78,scattered clouds
397,Meulaboh,ID,4.1363,96.1285,77.67,87,98,3.38,overcast clouds
398,Markapur,IN,15.7333,79.2833,66.24,63,63,3.8,broken clouds
399,Oxford,GB,51.7522,-1.256,43.38,93,75,5.75,broken clouds
400,Fremont,US,37.5483,-121.9886,59.38,53,0,6.91,clear sky
401,Haines Junction,CA,60.7522,-137.5108,23.27,98,100,0.78,overcast clouds
402,Mayor Pablo Lagerenza,PY,-19.9309,-60.7718,84.04,34,97,6.08,overcast clouds
403,Posse,BR,-14.0931,-46.3694,68.52,83,84,4.88,broken clouds
404,Saint-Pierre,RE,-21.3393,55.4781,76.57,64,0,9.22,clear sky
405,Talara,PE,-4.5772,-81.2719,64.38,89,9,12.46,clear sky
406,Clyde River,CA,70.4692,-68.5914,-16.96,92,32,3.22,scattered clouds
407,Pula,HR,44.8683,13.8481,46.96,81,100,16.11,overcast clouds
408,Gao,ML,16.6362,1.637,71.96,15,91,10.85,overcast clouds
409,Ruteng,ID,-8.6136,120.4721,68.79,85,100,1.19,overcast clouds
410,Outlook,CA,51.5001,-107.0513,11.23,79,26,11.72,scattered clouds
411,Rochegda,RU,62.8,43.25,11.64,98,78,1.97,broken clouds
412,Setermoen,NO,68.861,18.3486,26.44,53,0,7.63,clear sky
413,Husavik,IS,66.0449,-17.3389,44.28,81,100,28.34,overcast clouds
414,Benguela,AO,-12.5763,13.4055,74.5,84,98,2.71,overcast clouds
415,Port Macquarie,AU,-31.4333,152.9167,93.88,27,3,14.76,clear sky
416,Kiboga,UG,0.9161,31.7742,58.84,98,42,1.88,light rain
417,Cockburn Town,TC,21.4612,-71.1419,81.55,74,48,21.54,scattered clouds
418,Manoel Urbano,BR,-8.8389,-69.2597,75.4,89,76,2.93,broken clouds
419,Paris,FR,48.8534,2.3488,46.11,86,0,9.22,clear sky
420,Yura,PE,-16.2522,-71.6797,59.63,34,34,1.7,scattered clouds
421,Sorland,NO,67.667,12.6934,40.86,57,0,5.48,clear sky
422,Sorong,ID,-0.8833,131.25,84.52,69,100,7.23,overcast clouds
423,Surt,LY,31.2089,16.5887,71.65,31,100,16.67,overcast clouds
424,Sarkand,KZ,45.41,79.9186,35.4,72,100,7.25,overcast clouds
425,Kysyl-Syr,RU,63.8986,122.7617,-9.18,100,93,3.27,overcast clouds
426,Akhisar,TR,38.9185,27.8401,57.13,87,45,4.79,scattered clouds
427,Fort-Shevchenko,KZ,44.5086,50.263,50.49,75,53,9.19,broken clouds
428,Ust-Nera,RU,64.5667,143.2,-13.79,99,100,2.21,overcast clouds
429,Verkhniye Tatyshly,RU,56.2912,55.8575,11.59,81,10,4.5,clear sky
430,Qazanbulaq,AZ,40.6192,46.6519,49.1,46,1,7.2,clear sky
431,Waiouru,NZ,-39.4833,175.6667,61.14,62,98,7.2,light rain
432,Egvekinot,RU,66.3167,-179.1667,-10.28,81,47,7.65,scattered clouds
433,Saint-Augustin,CA,51.226,-58.6502,10.22,95,50,6.2,scattered clouds
434,Lannion,FR,48.75,-3.4167,51.01,94,100,17.36,overcast clouds
435,Katete,UG,-0.7818,29.7544,60.44,97,100,1.9,light rain
436,Westport,US,41.1415,-73.3579,39.02,54,0,9.22,clear sky
437,Nhulunbuy,AU,-12.2333,136.7667,93.81,43,100,8.05,overcast clouds
438,Tommot,RU,58.9564,126.2925,2.23,94,100,2.35,overcast clouds
439,Cherskiy,RU,68.75,161.3,-8.5,97,100,13.78,overcast clouds
440,Rocha,UY,-34.4833,-54.3333,66.78,84,100,13.53,overcast clouds
441,Vardo,NO,70.3705,31.1107,33.78,86,100,9.22,overcast clouds
442,Scarborough,GB,54.2797,-0.4044,42.37,81,100,8.01,overcast clouds
443,Goderich,CA,43.7501,-81.7165,30.9,70,100,29.59,light snow
444,Peleduy,RU,59.6289,112.7406,-13.18,98,79,2.13,broken clouds
445,Abu Dhabi,AE,24.4667,54.3667,79.97,71,5,14.72,clear sky
446,Kholodnyy,RU,62.7167,147.95,-17.48,92,19,1.36,few clouds
447,Providencia,MX,28.7167,-111.5833,62.2,41,0,11.86,clear sky
448,Luang Prabang,LA,19.8856,102.1347,76.12,82,100,2.06,overcast clouds
449,Hukuntsi,BW,-24.0,21.75,69.64,22,100,9.84,overcast clouds
450,Aloleng,PH,16.1307,119.7824,80.33,78,100,14.0,overcast clouds
451,Vila Velha,BR,-20.3297,-40.2925,73.35,81,40,6.91,scattered clouds
452,Tokur,RU,53.1333,132.9,20.48,93,100,1.48,light snow
453,Ploemeur,FR,47.7333,-3.4333,53.82,93,75,11.5,light intensity drizzle
454,Rudbar,AF,30.15,62.6,60.55,36,98,2.26,overcast clouds
455,Zhenhai,CN,24.2582,118.0905,72.19,77,48,9.69,scattered clouds
456,Mazatlan,MX,23.2167,-106.4167,74.01,76,75,4.0,broken clouds
457,Atar,MR,20.5169,-13.0499,67.59,37,0,8.68,clear sky
458,Polson,US,47.6936,-114.1632,10.49,96,99,1.25,overcast clouds
459,Mae Ramat,TH,16.984,98.5166,81.81,76,100,1.16,overcast clouds
460,Tilichiki,RU,60.4667,166.1,-0.94,93,19,7.34,few clouds
461,Esso,RU,55.9333,158.7,15.06,87,28,3.38,scattered clouds
462,Aleksandrov Gay,RU,50.147,48.5704,36.57,95,100,14.9,moderate rain
463,Gonen,TR,40.1049,27.654,69.03,37,100,13.94,overcast clouds
464,Mildura,AU,-34.2,142.15,64.08,61,97,21.63,overcast clouds
465,Gisborne,NZ,-38.6533,178.0042,74.25,45,3,5.93,clear sky
466,Awjilah,LY,29.1081,21.2869,63.41,25,86,10.94,overcast clouds
467,Santa Isabel,BR,-23.3156,-46.2214,65.5,97,78,3.27,broken clouds
468,Samarai,PG,-10.6167,150.6667,85.84,69,78,13.0,broken clouds
469,Benjamin Constant,BR,-4.3831,-70.0311,75.33,90,77,2.71,broken clouds
470,Bagdarin,RU,54.4333,113.6,2.57,53,23,3.53,few clouds
471,Batagay-Alyta,RU,67.8006,130.4114,-15.61,95,100,0.6,overcast clouds
472,Nola,IT,40.922,14.5329,58.62,91,99,3.56,overcast clouds
473,Iwaki,JP,37.05,140.8833,59.77,67,92,1.01,overcast clouds
474,Novaya Igirma,RU,57.1334,103.9112,-0.29,94,27,2.8,scattered clouds
475,Herat,AF,34.5,62.0,49.17,59,0,5.37,clear sky
476,Rypefjord,NO,70.6333,23.6667,27.07,63,0,1.14,clear sky
477,Takoradi,GH,4.8845,-1.7554,77.27,86,11,4.81,few clouds
478,Masvingo,ZW,-20.0637,30.8277,71.28,32,6,5.14,clear sky
479,Grindavik,IS,63.8424,-22.4338,45.07,81,75,12.66,broken clouds
480,Yerbogachen,RU,61.2767,108.0108,-10.79,100,84,3.67,broken clouds
481,Turmalina,BR,-17.2856,-42.73,63.73,89,100,1.59,overcast clouds
482,Pacific Grove,US,36.6177,-121.9166,58.55,52,0,6.91,clear sky
483,Pudozh,RU,61.8099,36.5345,16.72,89,5,4.12,clear sky
484,Tambovka,RU,50.0969,128.0489,24.35,86,99,16.02,overcast clouds
485,Nagarote,NI,12.2659,-86.5647,74.95,84,99,8.9,overcast clouds
486,Nguru,NG,12.8791,10.4526,68.34,23,15,8.7,few clouds
487,Sterling,US,39.0062,-77.4286,39.27,60,20,5.01,few clouds
488,Alyangula,AU,-13.8483,136.4192,88.11,59,100,5.3,overcast clouds
489,Kenora,CA,49.8167,-94.4337,1.78,77,96,3.0,overcast clouds
490,San Cristobal,VE,7.7669,-72.225,69.98,98,28,2.35,scattered clouds
491,Sabya,SA,17.1495,42.6254,80.47,77,1,3.06,clear sky
492,Vincennes,FR,48.85,2.4333,45.9,86,0,9.22,clear sky
493,Sambava,MG,-14.2667,50.1667,68.41,91,4,4.18,clear sky
494,Pangnirtung,CA,66.1451,-65.7125,-3.53,87,60,4.45,broken clouds
495,Port-Gentil,GA,-0.7193,8.7815,78.64,83,99,15.03,light rain
496,Teguldet,RU,57.3064,88.1667,13.12,91,100,8.41,light snow
497,Yabelo,ET,4.8833,38.0833,56.28,79,15,5.06,few clouds
498,Basco,PH,20.4487,121.9702,80.56,77,76,18.01,broken clouds
499,La Ronge,CA,55.1001,-105.2842,18.27,89,78,7.92,broken clouds
500,Bolshaya Rechka,RU,51.9503,104.7355,7.07,80,89,2.57,overcast clouds
501,Sinnamary,GF,5.3833,-52.95,78.49,80,24,10.98,few clouds
502,Wiarton,CA,44.7407,-81.1332,25.03,100,100,18.41,snow
503,Trofors,NO,65.5333,13.4063,15.67,59,0,5.1,clear sky
504,Avera,US,33.194,-82.5271,50.05,50,100,6.44,overcast clouds
505,Iquique,CL,-20.2208,-70.1431,66.24,78,30,0.85,scattered clouds
506,Maragogi,BR,-9.0122,-35.2225,76.01,83,97,7.31,overcast clouds
507,Noumea,NC,-22.2763,166.4572,78.78,76,77,10.67,broken clouds
508,Mulege,MX,26.8833,-111.9833,64.2,58,0,7.14,clear sky
509,Yichun,CN,47.7,128.9,27.27,56,8,13.49,clear sky
510,Pangody,RU,65.85,74.4859,-20.58,98,8,7.61,clear sky
511,Vila,PT,42.0304,-8.1588,43.7,95,100,3.89,overcast clouds
512,Portland,US,45.5234,-122.6762,41.05,59,0,16.11,clear sky
513,Ankang,CN,32.68,109.0172,59.23,72,0,0.65,clear sky
514,Houston,US,29.7633,-95.3633,45.14,89,100,16.11,overcast clouds
515,Itoman,JP,26.1247,127.6694,81.37,72,20,14.97,few clouds
516,Lengshuitan,CN,26.4111,111.5956,66.51,62,2,3.04,clear sky
517,Kankan,GN,10.3854,-9.3057,71.4,32,88,1.48,overcast clouds
518,Nanyang,CN,32.9947,112.5328,59.5,64,0,4.9,clear sky
519,Nishihara,JP,26.1842,127.7558,80.65,74,20,14.97,few clouds
520,Martapura,ID,-3.4167,114.85,84.29,84,40,5.75,scattered clouds
521,Svetlogorsk,BY,52.6333,29.7333,13.69,95,41,3.53,scattered clouds
522,Pecos,US,31.4229,-103.4932,37.49,81,100,3.44,overcast clouds
523,Gvarv,NO,59.3875,9.1737,31.28,69,95,6.64,overcast clouds
524,Mehamn,NO,71.0357,27.8492,35.55,80,100,8.05,overcast clouds
525,Havelock,US,34.8791,-76.9013,57.94,74,0,4.61,clear sky
526,Kalmar,SE,56.6616,16.3616,30.13,100,75,5.75,broken clouds
527,Burnie,AU,-41.0667,145.9167,60.94,55,84,17.16,broken clouds
528,Adamas,GR,36.7333,24.4333,68.2,77,100,17.65,overcast clouds
529,Ugoofaaru,MV,5.6667,73.0,80.11,77,90,10.16,overcast clouds
530,Spas-Klepiki,RU,55.1347,40.1767,24.67,95,100,8.46,snow
531,Dvinskoy,RU,62.1535,45.1175,12.09,98,65,2.39,broken clouds
532,Hammerfest,NO,70.6634,23.6821,27.05,63,0,1.14,clear sky
533,Milkovo,RU,54.7167,158.6167,13.8,81,38,0.2,scattered clouds
534,Prieska,ZA,-29.6641,22.7474,59.97,35,51,8.21,broken clouds
535,Parati,BR,-23.2178,-44.7131,67.69,90,100,2.82,overcast clouds
536,Los Llanos De Aridane,ES,28.6585,-17.9182,65.95,77,100,17.27,overcast clouds
537,Karratha,AU,-20.7377,116.8463,88.32,21,97,18.97,overcast clouds
538,Marzuq,YE,14.4,46.4667,63.19,45,31,2.42,scattered clouds
539,Marfino,RU,55.7028,37.3822,26.94,94,100,6.71,shower snow
540,Le Port,RE,-20.9373,55.2919,76.89,83,6,5.21,clear sky
541,Makakilo City,US,21.3469,-158.0858,82.72,56,0,12.66,clear sky
542,Ulaangom,MN,49.9811,92.0667,8.74,80,57,4.56,broken clouds
543,Soe,ID,-9.8607,124.284,73.74,77,100,2.86,light rain
544,Lukovetskiy,RU,64.2956,41.9211,17.56,95,19,4.7,few clouds
545,Olga,RU,43.7444,135.2892,44.65,69,100,5.06,overcast clouds
546,Kato Mazarakion,GR,38.0667,21.65,66.4,73,100,6.85,overcast clouds
547,Tutoia,BR,-2.7619,-42.2744,79.12,80,91,11.72,overcast clouds
548,Busayra,JO,30.7376,35.6078,51.8,64,0,9.82,clear sky
549,Arman,RU,59.7,150.1667,6.73,74,17,5.1,few clouds
550,Ako,JP,34.75,134.4,59.32,75,83,10.13,broken clouds
551,Moerai,PF,-22.4333,-151.3333,72.36,67,11,17.65,few clouds
552,Zhigansk,RU,66.7697,123.3711,-7.08,97,100,13.38,overcast clouds
553,Jaypur,IN,18.85,82.5833,60.4,64,97,2.91,overcast clouds
554,Kundiawa,PG,-6.0167,144.9667,72.73,82,100,0.69,overcast clouds
555,Shimoda,JP,34.6667,138.95,56.1,86,100,21.63,light rain
556,Voznesenye,RU,61.0106,35.4781,23.74,77,6,9.6,clear sky
557,Bairiki,KI,1.3292,172.9752,86.0,70,20,17.27,few clouds
558,Kolar,IN,13.1333,78.1333,57.96,79,100,4.29,overcast clouds
559,Brae,GB,60.3964,-1.353,45.12,67,100,28.99,overcast clouds
560,Gallup,US,35.5281,-108.7426,30.02,48,0,4.61,clear sky
561,Dongsheng,CN,39.8161,109.9776,38.8,53,45,6.06,scattered clouds
562,Tabuk,PH,17.4189,121.4443,79.9,79,100,4.94,overcast clouds
563,Dhidhdhoo,MV,6.8833,73.1,80.71,71,100,4.14,overcast clouds
564,Fairbanks,US,64.8378,-147.7164,10.6,86,0,0.0,clear sky
565,Bonavista,CA,48.6499,-53.1147,33.82,63,47,20.78,scattered clouds
566,Tomatlan,MX,19.9333,-105.25,71.42,90,52,1.48,broken clouds
567,Poya,NC,-21.35,165.15,78.91,69,66,7.7,broken clouds
568,Tazovskiy,RU,67.4667,78.7,-26.86,100,16,3.38,few clouds
569,Inta,RU,66.0317,60.1659,21.4,95,100,8.77,light snow
570,Abu Zabad,SD,12.35,29.25,66.38,21,11,10.51,few clouds
571,Muros,ES,42.7762,-9.0603,61.09,96,97,9.42,overcast clouds
572,Mareeba,AU,-17.0,145.4333,88.45,69,77,4.18,broken clouds
573,Bolshaya Glushitsa,RU,50.2406,43.5908,41.11,84,100,15.86,overcast clouds
574,Rockhampton,AU,-23.3833,150.5,87.69,55,75,13.8,broken clouds
575,Margherita,IN,27.2833,95.6833,66.25,56,11,1.14,few clouds
576,Qandala,SO,11.472,49.8728,76.3,79,49,4.97,scattered clouds
577,Asfi,MA,32.2994,-9.2372,59.25,70,5,16.08,clear sky
578,Malindi,KE,-3.2175,40.1191,77.14,87,99,3.56,light rain
579,Purwodadi,ID,-7.0868,110.9158,84.18,73,68,9.28,broken clouds
580,Atlantic Beach,US,30.3344,-81.3987,57.31,62,100,4.61,overcast clouds
581,Dumai,ID,1.6833,101.45,81.5,79,98,5.61,overcast clouds
582,Loiza,PR,18.4313,-65.8802,80.6,77,40,12.66,scattered clouds
583,Olafsvik,IS,64.8945,-23.7142,44.13,83,78,17.58,broken clouds
584,Matina,CR,10.0761,-83.2895,74.43,97,100,6.91,overcast clouds
585,Kigoma,TZ,-4.8769,29.6267,72.37,75,100,3.69,overcast clouds
586,Poum,NC,-20.2333,164.0167,77.36,79,90,9.98,overcast clouds
587,Wagga Wagga,AU,-35.1167,147.3667,66.6,59,97,15.55,overcast clouds
588,Fomboni,KM,-12.28,43.7425,79.09,79,0,14.18,clear sky
589,Poso,ID,-1.3959,120.7524,84.78,66,100,2.13,overcast clouds
590,Shubarkuduk,KZ,49.1447,56.4872,35.22,75,93,3.09,overcast clouds
591,Lima,PE,-12.0432,-77.0282,64.9,80,75,12.66,broken clouds
592,Saint Anthony,US,45.0205,-93.218,12.15,71,0,17.27,clear sky
593,Noyabrsk,RU,63.1994,75.4507,-10.79,99,100,10.76,overcast clouds
594,Dubbo,AU,-32.25,148.6167,71.73,40,40,18.41,scattered clouds
595,Linjiang,CN,41.8069,126.9078,39.61,94,100,0.69,overcast clouds
596,Bolshaya Sosnova,RU,57.6713,54.6029,9.36,95,14,2.04,few clouds
597,Nampula,MZ,-15.1165,39.2666,71.55,78,0,11.5,clear sky
598,Kungurtug,RU,50.5994,97.5228,2.14,84,83,1.79,broken clouds
599,Agua Buena,PA,7.8167,-80.4,77.76,99,98,3.8,light rain
600,Christiana,ZA,-27.914,25.1611,57.69,39,71,12.41,broken clouds
601,Rio Gallegos,AR,-51.6226,-69.2181,45.25,48,5,26.6,clear sky
602,Zomba,MW,-15.386,35.3188,71.73,54,6,4.05,clear sky
603,Leshukonskoye,RU,64.8989,45.7622,24.67,95,100,7.16,overcast clouds
604,Puerto Escondido,MX,15.85,-97.0667,79.63,65,0,2.3,clear sky
605,Zyryanka,RU,65.75,150.85,-21.71,90,51,6.31,broken clouds
606,Centralia,US,46.7162,-122.9543,38.21,85,88,0.0,overcast clouds
607,Antigonish,CA,45.6169,-61.9986,34.83,88,60,4.99,broken clouds
608,Mendoza,AR,-32.8908,-68.8272,79.7,41,1,4.43,clear sky
609,Barra Patuca,HN,15.8,-84.2833,77.92,87,84,7.36,light rain
610,Aksaray,TR,38.3726,34.0254,48.2,79,4,1.81,clear sky
611,Popondetta,PG,-8.7537,148.2534,93.54,47,100,6.29,overcast clouds
612,Yankton,US,42.8711,-97.3973,21.11,63,0,8.05,clear sky
613,Dinguiraye,GN,11.3,-10.7167,69.48,38,100,2.53,overcast clouds
614,Nangomba,TZ,-10.9,38.5,70.81,86,100,4.14,overcast clouds
615,Faro,PT,37.0194,-7.9322,56.97,87,0,4.61,clear sky
616,Beloha,MG,-25.1667,45.05,69.01,88,33,6.67,scattered clouds
617,Prigorodnyy,RU,51.7661,55.2665,21.36,86,100,11.18,overcast clouds
618,Sao Francisco De Assis,BR,-29.5503,-55.1311,73.38,48,11,9.04,few clouds
619,Drexel Heights,US,32.1412,-111.0284,62.11,33,0,6.91,clear sky
620,Viedma,AR,-40.8135,-62.9967,60.15,46,100,16.33,overcast clouds
621,Samora Correia,PT,38.9371,-8.8718,59.58,89,82,4.54,broken clouds
622,Chaihe,CN,44.7667,129.7,36.84,65,59,9.95,broken clouds
623,Pundaguitan,PH,6.3711,126.1689,82.36,77,100,8.46,heavy intensity rain
624,Tautira,PF,-17.7333,-149.15,74.86,85,100,15.21,light rain
625,Shingu,JP,33.7333,135.9833,61.52,95,100,22.41,overcast clouds
626,Chitral,PK,35.8462,71.7858,36.99,48,0,8.77,clear sky
627,Sardarshahr,IN,28.4333,74.4833,63.14,27,65,5.5,broken clouds
628,Luanda,AO,-8.8368,13.2343,74.59,84,100,5.59,light rain
629,Thunder Bay,CA,48.4001,-89.3168,7.77,80,43,13.65,scattered clouds
630,Ewa Beach,US,21.3156,-158.0072,84.15,57,0,12.66,clear sky
631,Sola,VU,-13.8833,167.55,80.08,78,74,16.2,broken clouds
632,Zyryanovsk,KZ,49.7386,84.2719,21.07,97,100,2.51,snow
633,Palauig,PH,15.435,119.9045,83.66,68,100,3.87,overcast clouds
634,Ihosy,MG,-22.4,46.1167,68.34,60,0,2.04,clear sky
635,Troitsko-Pechorsk,RU,62.7084,56.1964,16.39,93,100,7.07,overcast clouds
636,Raudeberg,NO,61.9875,5.1352,32.95,57,0,11.12,clear sky
637,Ambon,ID,-3.6954,128.1814,84.34,74,40,3.44,scattered clouds
638,Waterfoot,GB,53.6929,-2.2525,43.56,93,100,1.99,light rain
639,Sabha,LY,27.0377,14.4283,66.09,18,100,9.86,overcast clouds
640,South Yuba City,US,39.1166,-121.6391,54.72,52,0,3.44,clear sky
641,Piacabucu,BR,-10.4056,-36.4344,76.5,85,54,10.13,broken clouds
642,Crixas,BR,-14.5489,-49.9692,67.62,89,3,5.19,clear sky
643,Ilawa,PL,53.596,19.5685,26.78,88,93,8.99,overcast clouds
644,Sioux Lookout,CA,50.1001,-91.917,-2.34,95,72,3.36,broken clouds
645,Pasighat,IN,28.0667,95.3333,68.43,45,9,0.78,clear sky
646,Dawlatabad,AF,36.4141,64.9053,51.33,78,0,3.83,clear sky
647,Nazas,MX,25.2333,-104.1333,60.75,60,100,5.84,overcast clouds
648,Yarmouth,US,41.7057,-70.2286,41.14,67,0,14.0,clear sky
649,Nantucket,US,41.2835,-70.0995,46.51,59,100,19.57,overcast clouds
650,Kodinsk,RU,58.6881,99.1844,2.93,97,94,5.03,overcast clouds
651,Lagoa,PT,39.05,-27.9833,63.88,93,100,20.74,overcast clouds
652,Trat,TH,12.5,102.5,76.05,90,100,4.18,overcast clouds
653,Iquitos,PE,-3.7481,-73.2472,80.64,78,40,3.44,moderate rain
654,Susaki,JP,33.3667,133.2833,68.18,42,0,3.78,clear sky
655,Yar-Sale,RU,66.8333,70.8333,-11.51,97,24,8.93,few clouds
656,Mezhdurechensk,RU,53.6942,88.0603,21.13,90,100,10.94,light snow
657,Dongying,CN,37.4564,118.4856,57.54,70,0,5.99,clear sky
658,Darhan,MN,49.4867,105.9228,9.64,78,21,5.41,few clouds
659,Malanje,AO,-9.5402,16.341,63.12,99,100,2.77,overcast clouds
660,Deputatskiy,RU,69.3,139.9,-25.55,94,38,2.53,scattered clouds
661,Moussoro,TD,13.6408,16.4901,73.44,19,6,11.21,clear sky
662,Dongobesh,TZ,-4.0667,35.3833,56.5,93,100,3.91,overcast clouds
663,Zhangye,CN,38.9342,100.4517,35.65,28,100,6.73,overcast clouds
